step,token_id,token_text,next_logprob,entropy,text_len
0,382,".

",-3.9375,4.5,47
1,5451,First,-3.1875,2.4375,52
2,11,",",-0.173828125,1.0546875,53
3,358, I,-1.0234375,2.703125,55
4,1205, need,-0.2265625,0.94140625,60
5,311, to,-0.00115203857421875,0.01190185546875,63
6,3619, understand,-1.2890625,1.9765625,74
7,279, the,-1.8203125,0.5546875,78
8,47544, multiplication,-0.796875,1.1640625,93
